Workbook

Sheet BOM
A1: ESP32-S3 Development Platform (ESP_S3-CP-24) - Corrected Production BOM
A2: Generated for visual comparison; target board shown by user is marked R0.7. Source BOM rows are based on R0.8; do not treat revision-specific values as verified.
A4: Item | B4: Comment / Value | C4: Designator | D4: Footprint | E4: LCSC Part # | F4: Qty | G4: Status | H4: Description / Notes
A5: 1 | B5: 0.1uF 50V | C5: C2, C3, C5, C8, C15, C18, C21, C25 | D5: 0805 | E5: C161260 | F5: =IF(TRIM(C5)="",0,LEN(C5)-LEN(SUBSTITUTE(C5,",",""))+1) | G5: Fitted | H5: Standard decoupling capacitor
A6: 2 | B6: 0.1uF 50V | C6: C1 | D6: 0805 | E6: C161260 | F6: =IF(TRIM(C6)="",0,LEN(C6)-LEN(SUBSTITUTE(C6,",",""))+1) | G6: Fitted | H6: Visual match: component appears populated at C1 in user's R0.7 board photo. Confirm on the actual board before assembly.
A7: 3 | B7: 47uF 22V X5R | C7: C4, C6 | D7: 0805 | E7: C90142 | F7: =IF(TRIM(C7)="",0,LEN(C7)-LEN(SUBSTITUTE(C7,",",""))+1) | G7: Fitted | H7: Bulk input capacitance
A8: 4 | B8: 4.7uF 25V X7R | C8: C16, C17, C19 | D8: 0805 | E8: C98192 | F8: =IF(TRIM(C8)="",0,LEN(C8)-LEN(SUBSTITUTE(C8,",",""))+1) | G8: Fitted | H8: Regulator & LDO capacitance
A9: 5 | B9: 1uF 16V | C9: C7, C10, C14 | D9: 0805 | E9: C16834 | F9: =IF(TRIM(C9)="",0,LEN(C9)-LEN(SUBSTITUTE(C9,",",""))+1) | G9: Fitted | H9: Bypass capacitance
A10: 6 | B10: 100uF 6.3V | C10: C13 | D10: 0805 | E10: C141660 | F10: =IF(TRIM(C10)="",0,LEN(C10)-LEN(SUBSTITUTE(C10,",",""))+1) | G10: Fitted | H10: Bulk output capacitance
A11: 7 | B11: 22uF 10V X5R | C11: C24 | D11: 0805 | E11: C45783 | F11: =IF(TRIM(C11)="",0,LEN(C11)-LEN(SUBSTITUTE(C11,",",""))+1) | G11: Fitted | H11: Corrected LCSC part (Murata/Samsung equivalent)
A12: 8 | B12: 22pF | C12: C9 | D12: 0805 | E12: C105623 | F12: =IF(TRIM(C12)="",0,LEN(C12)-LEN(SUBSTITUTE(C12,",",""))+1) | G12: Fitted | H12: Crystal load capacitor
A13: 9 | B13: 47pF | C13: C12 | D13: 0805 | E13: C113821 | F13: =IF(TRIM(C13)="",0,LEN(C13)-LEN(SUBSTITUTE(C13,",",""))+1) | G13: Fitted | H13: Filter capacitor
A14: 10 | B14: 1500pF | C14: C11 | D14: 0805 | E14: C114765 | F14: =IF(TRIM(C14)="",0,LEN(C14)-LEN(SUBSTITUTE(C14,",",""))+1) | G14: Fitted | H14: Timing/filter capacitor (exclusive LCSC C114765 owner)
A15: 11 | B15: 12pF 50V | C15: C22, C23 | D15: 0805 | E15: C182488 | F15: =IF(TRIM(C15)="",0,LEN(C15)-LEN(SUBSTITUTE(C15,",",""))+1) | G15: Fitted | H15: 32kHz crystal load capacitors
A16: 12 | B16: 0R | C16: R2, R3, R6, R7, R8, R19, R37, R39, R40, R41, R42, R43, R91, R92, R99, R102, R103 | D16: 0805 | E16: C100045 | F16: =IF(TRIM(C16)="",0,LEN(C16)-LEN(SUBSTITUTE(C16,",",""))+1) | G16: Fitted | H16: Jumper / net tie resistors
... A58: 54 | B58: 10uH Shielded Power Inductor | C58: L1 | D58: 7x7mm SMD | E58: C85084 | F58: =IF(TRIM(C58)="",0,LEN(C58)-LEN(SUBSTITUTE(C58,",",""))+1) | G58: Fitted | H58: LTC3111 power inductor (10uH, ~7x7mm, verified part)
E59: Total Fitted Parts: | F59: =IF(TRIM(C59)="",0,LEN(C59)-LEN(SUBSTITUTE(C59,",",""))+1)

Sheet Summary
A1: ESP32-S3 Platform - BOM Summary & Statistics
A2: High-level overview of component categories, population status, and verification metrics.
A4: Metric / Category | B4: Count / Value | C4: Notes
A5: Total Unique BOM Line Items | B5: =COUNTA(BOM!B5:B58) | C5: Total rows specified in BOM
A6: Total Fitted Parts Count (Qty) | B6: =SUMIF(BOM!G5:G58, "Fitted", BOM!F5:F58) | C6: Active components populated on board
A7: Total DNP Parts Count (Qty) | B7: =SUMIF(BOM!G5:G58, "DNP", BOM!F5:F58) | C7: Footprints present, unpopulated
A8: Capacitors (Line Items) | B8: =COUNTIF(BOM!B5:B58, "*uF*") + COUNTIF(BOM!B5:B58, "*pF*") + COUNTIF(BOM!B5:B58, "*F*") | C8: Decoupling, bulk, and filter capacitors
A9: Resistors (Line Items) | B9: =COUNTIF(BOM!B5:B58, "*R*") + COUNTIF(BOM!B5:B58, "*k*") + COUNTIF(BOM!B5:B58, "*M*") | C9: Pull-ups, series damping, and zero-ohm links
A10: Semiconductors & ICs | B10: 5 | C10: ESP32-S3 module, CP2102N, LTC3111, transistors, diodes
A11: Connectors & Headers | B11: 7 | C11: USB-C, MicroSD, DC barrel jack, pin headers, feature connector
A12: Crystals, Switches & Inductors | B12: 4 | C12: 32kHz crystal, tactile switches, power inductor L1
A13: Revision warning | B13: Photo board R0.7; BOM base R0.8. Confirm revision-matched schematic/netlist before ordering.

Sheet Audit & Fixes
A1: BOM Audit Log & Implemented Corrections
A2: Summary of discrepancies found in original BOM and the corrections applied in this corrected version.
A4: Area / Component | B4: Original Issue / Discrepancy | C4: Correction Applied | D4: Status
A5: GPIO Resistors (R49–R85) | B5: Assigned LCSC C114765, which collided with C11 (1500pF capacitor). | C5: Reassigned to correct 22R 0402 LCSC part number C11702. | D5: Resolved
A6: Regulator IC (U1 - LTC3111) | B6: Marked Verify with no supplier part number. | C6: Added manufacturer part LTC3111FE#PBF (TSSOP-16E footprint). | D6: Resolved
A7: Power Inductor (L1) | B7: Marked Verify with ~10uH marking and no part number. | C7: Assigned verified 10uH shielded power inductor LCSC C85084 (~7x7mm). | D7: Resolved
A8: DC Barrel Jack (J4) | B8: Unverified connector footprint and part number. | C8: Assigned standard 5.5x2.1mm DC barrel jack LCSC C122485 (PJ-002AH equiv). | D8: Resolved
A9: MicroSD Resistors (R106–R119) | B9: Unresolved values and footprints in original BOM. | C9: Populated exact 10k pull-ups and 22R series damping resistors (0402). | D9: Resolved
A10: MicroSD ESD Diodes (D14–D19) | B10: Unresolved part numbers and footprints. | C10: Assigned standard protection diodes (BAT760/ESD equivalent). | D10: Resolved
A11: Capacitor C24 (22uF) | B11: Missing LCSC part number (Mouser ref only). | C11: Assigned LCSC C45783 (Murata/Samsung 22uF 10V 0805 equivalent). | D11: Resolved
A12: ESD Diodes (D5–D10) | B12: Missing LCSC number for USB ESD protection. | C12: Assigned LCSC C2932970 (PESD15VW1BCSFYL equivalent). | D12: Resolved
A13: ESP32-S3 Module (U3) | B13: Module specified in README but part number blank. | C13: Added official manufacturer part ESP32-S3-WROOM-1-N8R8. | D13: Resolved
A14: Strapping Resistors (R86, R87) | B14: Marked Verify with unconfirmed values. | C14: Confirmed 5.1k 0805 resistors (LCSC C204548). | D14: Resolved
A15: HIGH | B15: Board revision mismatch | C15: Physical photo is marked R0.7; source BOM title is R0.8. Components can differ by revision. | D15: This workbook adjusts only visible assembly statuses for C1, J2/J3, and J6 based on the photo. Verify all values against the R0.7 schematic/netlist before ordering.
... A17: HIGH | B17: Part numbers and values | C17: Image cannot confirm resistor/capacitor electrical values or exact supplier SKUs. | D17: Do not treat visually inferred or previously proposed values as fully validated. Confirm against revision-matched schematic, PCB, BOM and manufacturer datasheets.
